{"cameraMode":{"drawMode":0,"name":"Shaded","section":"Shading Mode"},"sceneLighting":true,"audioPlay":false,"sceneViewState":{"showFog":true,"showMaterialUpdate":false,"showSkybox":true,"showFlares":true,"showImageEffects":true,"showParticleSystems":true,"showVisualEffectGraphs":true,"m_FxEnabled":true},"in2DMode":false,"pivot":{"x":-0.011624053120613099,"y":0.9986271262168884,"z":-0.12220042198896408},"rotation":{"x":-0.04746747389435768,"y":0.9524460434913635,"z":-0.21980619430541993,"w":-0.20569628477096559},"size":2.4524004459381105,"orthographic":false}